stress,policy,seed,cost_usd,violation_rate,total_lateness_seconds,credit_exhaustions,throttled_vm_hours,robust_bound_evaluations,robust_bound_exceedances,bound_exceedance_rate,migrations,scheduler_runtime_seconds,maximum_vms,makespan_seconds
LIGHT,"HEFT",20260703,121.931250,0.500000,304555.015135,85,445.207388,19509,17036,0.873238,0,1.079260,37,1283209.770501
LIGHT,"KRP",20260703,121.375000,1.000000,25787726.471567,49,1362.929795,19420,19090,0.983007,0,3.408472,35,3383209.770501
LIGHT,"CCS",20260703,121.393750,1.000000,24826673.444694,67,1342.339614,19423,18250,0.939608,0,2.686916,41,3344809.770501
LIGHT,"CARS",20260703,116.075000,0.000000,0.000000,241,8.823866,18572,15647,0.842505,1843,1.177267,114,1254109.770501
LIGHT,"UBR-CA no migration",20260703,123.662500,0.000000,0.000000,190,89.002283,19786,4111,0.207773,0,1.113132,115,1254409.770501
LIGHT,"UBR-CA",20260703,126.918750,0.000000,0.000000,4,0.025017,20307,3875,0.190821,782,0.889936,116,1253509.770501
LIGHT,"HEFT",20268622,119.456250,0.500000,300996.177535,183,581.053214,19113,17231,0.901533,0,1.036706,38,1483885.382602
LIGHT,"KRP",20268622,122.381250,1.000000,25540076.593335,49,1348.379284,19581,19144,0.977682,0,2.939304,37,3430885.382602
LIGHT,"CCS",20268622,122.475000,1.000000,24589113.284228,52,1328.638924,19596,18114,0.924372,0,3.291743,42,3392485.382602
LIGHT,"CARS",20268622,116.868750,0.000000,0.000000,236,7.078604,18699,15612,0.834911,1707,2.008856,104,1323085.382602
LIGHT,"UBR-CA no migration",20268622,124.225000,0.000000,0.000000,180,86.145574,19876,4048,0.203663,0,1.294659,106,1323685.382602
LIGHT,"UBR-CA",20268622,130.493750,0.000000,0.000000,6,0.030697,20879,3873,0.185497,720,1.173077,105,1322185.382602
LIGHT,"HEFT",20276541,119.487500,0.500000,283359.890680,277,709.515562,19118,17648,0.923109,0,1.016628,39,1658688.901899
LIGHT,"KRP",20276541,124.093750,1.000000,24755702.421167,44,1367.824058,19855,19501,0.982171,0,3.612031,37,3456888.901899
LIGHT,"CCS",20276541,124.125000,1.000000,23840909.331448,52,1349.457881,19860,18412,0.927090,0,4.227315,43,3420588.901899
LIGHT,"CARS",20276541,119.375000,0.000000,0.000000,241,7.898049,19100,16043,0.839948,1703,1.741746,112,1355088.901899
LIGHT,"UBR-CA no migration",20276541,126.506250,0.000000,0.000000,185,88.487910,20241,4183,0.206660,0,1.258522,111,1354488.901899
LIGHT,"UBR-CA",20276541,132.175000,0.000000,0.000000,2,0.028057,21148,3923,0.185502,735,1.151620,114,1354488.901899
LIGHT,"HEFT",20284460,123.256250,0.500000,264977.745738,181,489.662881,19721,17207,0.872522,0,1.734133,39,1458072.916403
LIGHT,"KRP",20284460,122.950000,1.000000,26008452.842045,41,1349.359917,19672,19105,0.971177,0,4.677994,38,3524172.916403
LIGHT,"CCS",20284460,122.800000,1.000000,25180526.283518,50,1331.744492,19648,18124,0.922435,0,3.274418,43,3487572.916403
LIGHT,"CARS",20284460,116.637500,0.000000,0.000000,219,6.949284,18662,15542,0.832815,1694,2.127181,105,1364172.916403
LIGHT,"UBR-CA no migration",20284460,125.943750,0.000000,0.000000,192,93.116583,20151,4103,0.203613,0,1.371958,110,1362972.916403
LIGHT,"UBR-CA",20284460,129.350000,0.000000,0.000000,6,0.063818,20696,3877,0.187331,738,1.317822,105,1362972.916403
LIGHT,"HEFT",20292379,117.837500,0.500000,354452.879848,174,496.268962,18854,16934,0.898165,0,1.368893,34,1308341.175380
LIGHT,"KRP",20292379,119.900000,1.000000,27647563.356795,47,1360.174522,19184,18942,0.987385,0,4.083211,33,3485141.175380
LIGHT,"CCS",20292379,120.025000,1.000000,26724669.550569,57,1344.185010,19204,18297,0.952770,0,2.713440,38,3453041.175380
LIGHT,"CARS",20292379,113.575000,0.000000,0.000000,228,7.323163,18172,15425,0.848833,1661,1.231847,95,1228241.175380
LIGHT,"UBR-CA no migration",20292379,119.925000,0.000000,0.000000,157,70.853325,19188,4022,0.209610,0,1.411255,95,1226741.175380
LIGHT,"UBR-CA",20292379,124.143750,0.000000,0.000000,4,0.067268,19863,3815,0.192066,633,1.124374,95,1226741.175380
LIGHT,"HEFT",20300298,114.350000,0.566667,320251.247168,269,782.382413,18296,17160,0.937910,0,1.794692,36,1611934.069832
LIGHT,"KRP",20300298,118.806250,1.000000,25273875.280694,82,1325.655008,19009,18679,0.982640,0,2.251622,35,3314134.069832
LIGHT,"CCS",20300298,118.743750,1.000000,24333329.164580,80,1305.631790,18999,17781,0.935891,0,4.401220,41,3276934.069832
LIGHT,"CARS",20300298,115.137500,0.000000,0.000000,225,7.116658,18422,15419,0.836988,1619,1.097252,106,1242934.069832
LIGHT,"UBR-CA no migration",20300298,119.493750,0.000000,0.000000,175,79.637915,19119,4139,0.216486,0,1.063975,106,1242634.069832
LIGHT,"UBR-CA",20300298,125.931250,0.000000,0.000000,4,0.034689,20149,3733,0.185270,723,1.511155,107,1242334.069832
LIGHT,"HEFT",20308217,119.931250,0.500000,313437.359056,158,445.172934,19189,16939,0.882745,0,1.686724,35,1393328.349201
LIGHT,"KRP",20308217,121.675000,1.000000,25169557.539152,56,1333.805366,19468,19027,0.977347,0,3.545516,34,3440228.349201
LIGHT,"CCS",20308217,121.856250,1.000000,24210927.946945,63,1316.499110,19497,17876,0.916859,0,3.449136,39,3403028.349201
LIGHT,"CARS",20308217,115.681250,0.000000,0.000000,255,8.423972,18509,15548,0.840024,1924,1.468280,109,1361228.349201
LIGHT,"UBR-CA no migration",20308217,122.856250,0.000000,0.000000,186,89.432509,19657,4114,0.209289,0,1.270699,106,1360328.349201
LIGHT,"UBR-CA",20308217,130.500000,0.000000,0.000000,7,0.089555,20880,3872,0.185441,751,1.009210,110,1360328.349201
LIGHT,"HEFT",20316136,115.900000,0.500000,286468.894885,155,453.831469,18544,16410,0.884922,0,0.830289,37,1298270.112804
LIGHT,"KRP",20316136,117.768750,1.000000,22904372.527804,44,1296.959094,18843,18396,0.976278,0,2.926125,35,3163370.112804
LIGHT,"CCS",20316136,117.725000,1.000000,22008766.911841,53,1276.946526,18836,17352,0.921215,0,2.876309,42,3130670.112804
LIGHT,"CARS",20316136,113.862500,0.000000,0.000000,244,7.591269,18218,15134,0.830717,1838,0.894640,106,1252970.112804
LIGHT,"UBR-CA no migration",20316136,120.868750,0.000000,0.000000,199,91.620464,19339,4083,0.211128,0,0.807393,110,1253270.112804
LIGHT,"UBR-CA",20316136,125.425000,0.000000,0.000000,4,0.044886,20068,3780,0.188360,795,0.817092,111,1252970.112804
LIGHT,"HEFT",20324055,118.287500,0.500000,317703.823196,233,523.015758,18926,17028,0.899715,0,1.101943,37,1437538.385066
LIGHT,"KRP",20324055,121.375000,1.000000,25607846.577107,71,1342.483689,19420,19005,0.978630,0,2.997672,36,3422938.385066
LIGHT,"CCS",20324055,121.418750,1.000000,24654891.688218,74,1326.992563,19427,18079,0.930612,0,3.310871,42,3387238.385066
LIGHT,"CARS",20324055,116.550000,0.000000,0.000000,250,8.699340,18648,15596,0.836336,1929,2.575593,116,1307938.385066
LIGHT,"UBR-CA no migration",20324055,123.850000,0.000000,0.000000,194,97.944016,19816,4171,0.210486,0,2.324408,116,1306738.385066
LIGHT,"UBR-CA",20324055,129.900000,0.000000,0.000000,4,0.024499,20784,3907,0.187981,748,1.388193,114,1306738.385066
LIGHT,"HEFT",20331974,116.143750,0.500000,279326.278160,201,687.891292,18583,17067,0.918420,0,1.539064,38,1611694.870937
LIGHT,"KRP",20331974,119.737500,1.000000,23804768.544947,42,1322.124860,19158,18795,0.981052,0,3.749011,36,3327094.870937
LIGHT,"CCS",20331974,119.981250,1.000000,22856166.250229,55,1300.069577,19197,17704,0.922227,0,5.796539,43,3293194.870937
LIGHT,"CARS",20331974,115.006250,0.000000,0.000000,201,6.751301,18401,15519,0.843378,1528,2.236601,106,1317094.870937
LIGHT,"UBR-CA no migration",20331974,121.550000,0.000000,0.000000,177,85.251609,19448,3996,0.205471,0,1.675193,111,1316794.870937
LIGHT,"UBR-CA",20331974,124.406250,0.000000,0.000000,4,0.017650,19905,3818,0.191811,720,1.479852,107,1316794.870937
LIGHT,"HEFT",20339893,118.675000,0.500000,308208.225691,202,518.595055,18988,16980,0.894249,0,1.661664,38,1298264.114896
LIGHT,"KRP",20339893,120.468750,1.000000,25209694.741147,68,1351.825804,19275,19013,0.986407,0,3.616869,37,3292964.114896
LIGHT,"CCS",20339893,120.418750,1.000000,24241432.026733,85,1337.206727,19267,18271,0.948305,0,3.659726,43,3260864.114896
LIGHT,"CARS",20339893,115.043750,0.000000,0.000000,258,9.010532,18407,15566,0.845657,1942,1.411886,114,1209164.114896
LIGHT,"UBR-CA no migration",20339893,121.143750,0.000000,0.000000,190,92.068265,19383,4160,0.214621,0,1.401983,114,1207364.114896
LIGHT,"UBR-CA",20339893,125.843750,0.000000,0.000000,4,0.048159,20135,3880,0.192699,732,1.375488,116,1207364.114896
LIGHT,"HEFT",20347812,119.356250,0.500000,304151.704591,195,675.306499,19097,17252,0.903388,0,1.487396,37,1505301.513095
LIGHT,"KRP",20347812,118.437500,1.000000,23705230.464901,53,1301.125223,18950,18567,0.979789,0,2.999341,36,3200901.513095
LIGHT,"CCS",20347812,118.437500,1.000000,22774942.701144,59,1288.429831,18950,17538,0.925488,0,2.213971,41,3163401.513095
LIGHT,"CARS",20347812,114.793750,0.000000,0.000000,220,7.789866,18367,15479,0.842761,1762,1.188804,113,1253901.513095
LIGHT,"UBR-CA no migration",20347812,120.768750,0.000000,0.000000,176,83.559619,19323,4010,0.207525,0,1.078112,109,1253901.513095
LIGHT,"UBR-CA",20347812,127.712500,0.000000,0.000000,3,0.020151,20434,3777,0.184839,768,1.166335,115,1253901.513095
LIGHT,"HEFT",20355731,122.775000,0.500000,356671.588821,74,479.067642,19644,17260,0.878640,0,1.383453,36,1377058.119824
LIGHT,"KRP",20355731,123.400000,1.000000,26781142.809487,56,1366.780129,19744,19284,0.976702,0,3.974486,35,3514558.119824
LIGHT,"CCS",20355731,123.512500,1.000000,25946550.117587,55,1352.671492,19762,18385,0.930321,0,2.632296,41,3485158.119824
LIGHT,"CARS",20355731,118.431250,0.000000,0.000000,236,8.145348,18949,15802,0.833923,1866,1.043220,107,1330258.119824
LIGHT,"UBR-CA no migration",20355731,124.262500,0.000000,0.000000,185,88.748941,19882,4144,0.208430,0,1.055469,110,1330858.119824
LIGHT,"UBR-CA",20355731,127.206250,0.000000,0.000000,2,0.019118,20353,3852,0.189260,731,1.414694,108,1330258.119824
LIGHT,"HEFT",20363650,115.706250,0.500000,325641.422291,195,644.164777,18513,17009,0.918760,0,1.256359,36,1553209.623310
LIGHT,"KRP",20363650,118.806250,1.000000,23018081.696278,54,1300.834046,19009,18700,0.983745,0,3.025314,36,3252409.623310
LIGHT,"CCS",20363650,118.706250,1.000000,22082727.230497,62,1279.865655,18993,17489,0.920813,0,2.728363,41,3217309.623310
LIGHT,"CARS",20363650,114.512500,0.000000,0.000000,251,8.665176,18322,15424,0.841829,1865,0.941032,111,1308409.623310
LIGHT,"UBR-CA no migration",20363650,124.150000,0.000000,0.000000,168,77.590742,19864,4057,0.204239,0,1.190397,110,1308709.623310
LIGHT,"UBR-CA",20363650,125.225000,0.000000,0.000000,4,0.035342,20036,3823,0.190807,823,0.950356,113,1307809.623310
LIGHT,"HEFT",20371569,118.131250,0.500000,282371.142884,209,753.070364,18901,17639,0.933231,0,1.355920,38,1549646.476495
LIGHT,"KRP",20371569,122.200000,1.000000,27600881.215299,44,1384.581870,19552,19301,0.987162,0,3.870491,37,3454346.476495
LIGHT,"CCS",20371569,122.275000,1.000000,26691509.304170,50,1367.453472,19564,18604,0.950930,0,3.400356,43,3417446.476495
LIGHT,"CARS",20371569,117.131250,0.000000,0.000000,241,8.280970,18741,15877,0.847180,1709,1.374483,104,1210046.476495
LIGHT,"UBR-CA no migration",20371569,122.943750,0.000000,0.000000,168,80.703130,19671,4109,0.208886,0,1.593135,108,1210346.476495
LIGHT,"UBR-CA",20371569,128.900000,0.000000,0.000000,4,0.065004,20624,3876,0.187936,682,1.433178,109,1210046.476495
LIGHT,"HEFT",20379488,122.618750,0.500000,330814.632223,231,761.389474,19619,17958,0.915337,0,1.666605,35,1592282.043709
LIGHT,"KRP",20379488,123.268750,1.000000,26684158.091567,47,1381.176767,19723,19359,0.981544,0,3.749250,34,3433382.043709
LIGHT,"CCS",20379488,123.250000,1.000000,25733832.816383,55,1363.285611,19720,18492,0.937728,0,3.133520,40,3395882.043709
LIGHT,"CARS",20379488,119.718750,0.000000,0.000000,227,7.937113,19155,15972,0.833829,1771,1.237483,112,1264982.043709
LIGHT,"UBR-CA no migration",20379488,127.612500,0.000000,0.000000,177,79.460167,20418,4169,0.204183,0,1.188395,113,1265282.043709
LIGHT,"UBR-CA",20379488,131.775000,0.000000,0.000000,4,0.048581,21084,3951,0.187393,701,1.201243,113,1264682.043709
LIGHT,"HEFT",20387407,118.543750,0.500000,299896.364193,203,591.395232,18967,17165,0.904993,0,1.484018,36,1483764.204825
LIGHT,"KRP",20387407,120.575000,1.000000,26228443.111057,61,1340.803491,19292,18927,0.981080,0,3.142247,36,3455964.204825
LIGHT,"CCS",20387407,120.500000,1.000000,25390981.128176,70,1321.114582,19280,18013,0.934284,0,3.247229,42,3420564.204825
LIGHT,"CARS",20387407,115.331250,0.000000,0.000000,242,7.535043,18453,15460,0.837804,1775,1.495167,106,1295964.204825
LIGHT,"UBR-CA no migration",20387407,122.381250,0.000000,0.000000,180,80.935106,19581,4102,0.209489,0,1.056116,104,1294464.204825
LIGHT,"UBR-CA",20387407,126.931250,0.000000,0.000000,2,0.007483,20309,3829,0.188537,678,1.001627,107,1294764.204825
LIGHT,"HEFT",20395326,124.506250,0.500000,273267.686607,85,455.031418,19921,17359,0.871392,0,0.898380,39,1366671.253632
LIGHT,"KRP",20395326,122.875000,1.000000,24828324.070506,53,1346.454766,19660,19223,0.977772,0,3.624131,37,3402771.253632
LIGHT,"CCS",20395326,122.906250,1.000000,23812125.184195,63,1328.994506,19665,18105,0.920671,0,3.883995,42,3363471.253632
LIGHT,"CARS",20395326,117.718750,0.000000,0.000000,243,8.127312,18835,15812,0.839501,1897,1.169567,113,1332471.253632
LIGHT,"UBR-CA no migration",20395326,126.650000,0.000000,0.000000,194,94.488071,20264,4189,0.206721,0,1.424660,113,1333071.253632
LIGHT,"UBR-CA",20395326,131.500000,0.000000,0.000000,8,0.120588,21040,3894,0.185076,793,1.342076,118,1332171.253632
LIGHT,"HEFT",20403245,120.218750,0.500000,284355.990372,81,444.057310,19235,16974,0.882454,0,1.618878,37,1278613.517478
LIGHT,"KRP",20403245,119.306250,1.000000,24875536.372313,50,1335.284521,19089,18815,0.985646,0,3.443490,37,3316813.517478
LIGHT,"CCS",20403245,119.556250,1.000000,23892998.461290,61,1315.739592,19129,17861,0.933713,0,3.169093,41,3274213.517478
LIGHT,"CARS",20403245,115.725000,0.000000,0.000000,219,6.911629,18516,15563,0.840516,1789,1.223799,105,1246813.517478
LIGHT,"UBR-CA no migration",20403245,120.031250,0.000000,0.000000,166,76.949791,19205,3979,0.207186,0,1.336183,107,1246513.517478
LIGHT,"UBR-CA",20403245,124.906250,0.000000,0.000000,5,0.058744,19985,3840,0.192144,699,1.211764,105,1246513.517478
LIGHT,"HEFT",20411164,120.418750,0.500000,299537.686748,207,615.950812,19267,17363,0.901178,0,1.666880,39,1509601.036639
LIGHT,"KRP",20411164,122.400000,1.000000,25811415.924269,57,1351.774810,19584,19157,0.978196,0,3.755148,38,3462001.036639
LIGHT,"CCS",20411164,122.518750,1.000000,25036272.491928,55,1335.768662,19603,18187,0.927766,0,3.173697,43,3435001.036639
LIGHT,"CARS",20411164,117.518750,0.000000,0.000000,260,8.365068,18803,15807,0.840664,1870,0.986049,112,1324201.036639
LIGHT,"UBR-CA no migration",20411164,125.406250,0.000000,0.000000,189,85.729379,20065,4186,0.208622,0,1.368460,110,1323301.036639
LIGHT,"UBR-CA",20411164,128.550000,0.000000,0.000000,2,0.037381,20568,3912,0.190198,754,1.089307,114,1323301.036639
MODERATE,"HEFT",20260703,145.581250,0.500000,237936.975302,716,796.846351,23293,20317,0.872236,0,1.562013,51,1421509.770501
MODERATE,"KRP",20260703,162.500000,1.000000,33317211.613281,66,1717.039769,26000,24565,0.944808,0,3.314111,50,3985309.770501
MODERATE,"CCS",20260703,170.631250,1.000000,20235397.604268,78,1499.864717,27301,19987,0.732098,0,3.109938,56,3322309.770501
MODERATE,"CARS",20260703,149.487500,0.000000,0.000000,182,3.431203,23918,17955,0.750690,1906,1.540266,144,1254109.770501
MODERATE,"UBR-CA no migration",20260703,147.818750,0.000000,0.000000,245,90.719065,23651,4080,0.172509,0,1.609239,141,1253509.770501
MODERATE,"UBR-CA",20260703,151.956250,0.000000,0.000000,1,0.000745,24313,3983,0.163822,840,1.087492,147,1253809.770501
MODERATE,"HEFT",20268622,149.031250,1.000000,3717096.652310,214,1127.595217,23845,21827,0.915370,0,2.490893,54,2012785.382602
MODERATE,"KRP",20268622,162.662500,1.000000,32935965.550889,59,1690.555961,26026,24464,0.939983,0,3.524085,53,4018885.382602
MODERATE,"CCS",20268622,171.718750,1.000000,20538000.474713,83,1487.647034,27475,20042,0.729463,0,2.998339,57,3375985.382602
MODERATE,"CARS",20268622,150.131250,0.000000,0.000000,170,3.005679,24021,17985,0.748720,1817,1.620272,136,1322485.382602
MODERATE,"UBR-CA no migration",20268622,147.343750,0.000000,0.000000,228,84.137327,23575,4150,0.176034,0,1.479949,138,1323085.382602
MODERATE,"UBR-CA",20268622,152.375000,0.000000,0.000000,4,0.101473,24380,3979,0.163208,835,1.585329,137,1323085.382602
MODERATE,"HEFT",20276541,150.862500,0.900000,1421068.619962,390,1037.317646,24138,21791,0.902767,0,2.362391,55,1918188.901899
MODERATE,"KRP",20276541,164.562500,1.000000,32867164.314903,69,1736.199710,26330,24980,0.948728,0,4.512237,52,4096188.901899
MODERATE,"CCS",20276541,174.012500,1.000000,20114157.063527,92,1522.083351,27842,20342,0.730623,0,3.943206,61,3420288.901899
MODERATE,"CARS",20276541,155.662500,0.000000,0.000000,160,2.897075,24906,18702,0.750903,1699,1.288484,145,1355088.901899
MODERATE,"UBR-CA no migration",20276541,151.443750,0.000000,0.000000,252,92.146464,24231,4242,0.175065,0,1.302562,141,1354788.901899
MODERATE,"UBR-CA",20276541,155.912500,0.000000,0.000000,0,0.000000,24946,4098,0.164275,776,1.323583,146,1354788.901899
MODERATE,"HEFT",20284460,147.700000,0.900000,777456.839937,489,1001.252591,23632,21059,0.891122,0,1.773736,55,1868172.916403
MODERATE,"KRP",20284460,163.512500,1.000000,33647011.066341,62,1694.330276,26162,24497,0.936358,0,4.125638,55,4125672.916403
MODERATE,"CCS",20284460,171.906250,1.000000,20395690.543216,81,1469.642175,27505,19777,0.719033,0,3.065831,61,3402972.916403
MODERATE,"CARS",20284460,151.193750,0.000000,0.000000,161,3.138272,24191,18015,0.744698,1707,1.674457,134,1363872.916403
MODERATE,"UBR-CA no migration",20284460,147.462500,0.000000,0.000000,269,100.471038,23594,4081,0.172968,0,1.527839,131,1366272.916403
MODERATE,"UBR-CA",20284460,152.268750,0.000000,0.000000,4,0.051130,24363,4057,0.166523,849,1.234995,135,1362972.916403
MODERATE,"HEFT",20292379,143.443750,0.500000,239857.368425,821,846.634665,22951,20215,0.880790,0,1.337427,49,1439441.175380
MODERATE,"KRP",20292379,162.700000,1.000000,35202983.377027,62,1699.286709,26032,24469,0.939959,0,4.189229,47,4075541.175380
MODERATE,"CCS",20292379,171.506250,1.000000,21282701.372367,74,1476.579334,27441,19777,0.720710,0,3.213154,53,3370541.175380
MODERATE,"CARS",20292379,145.200000,0.000000,0.000000,163,3.132464,23232,17593,0.757274,1643,1.218486,121,1227941.175380
MODERATE,"UBR-CA no migration",20292379,143.650000,0.000000,0.000000,223,82.216455,22984,4052,0.176297,0,1.355792,121,1227941.175380
MODERATE,"UBR-CA",20292379,147.537500,0.000000,0.000000,0,0.000000,23606,3865,0.163730,680,1.027276,124,1227041.175380
MODERATE,"HEFT",20300298,142.650000,0.500000,187009.718855,691,790.555048,22824,19885,0.871232,0,1.158821,53,1454134.069832
MODERATE,"KRP",20300298,159.500000,1.000000,32615197.748392,66,1676.205444,25520,24060,0.942790,0,3.617500,51,3907534.069832
MODERATE,"CCS",20300298,167.812500,1.000000,19593482.388976,70,1469.266582,26850,19470,0.725140,0,2.778793,59,3224734.069832
MODERATE,"CARS",20300298,147.962500,0.000000,0.000000,175,3.419703,23674,17577,0.742460,1760,1.427086,134,1243234.069832
MODERATE,"UBR-CA no migration",20300298,143.925000,0.000000,0.000000,230,77.648742,23028,4061,0.176351,0,1.305165,128,1243834.069832
MODERATE,"UBR-CA",20300298,151.481250,0.000000,0.000000,1,0.000221,24237,3946,0.162809,703,1.180768,137,1242634.069832
MODERATE,"HEFT",20308217,145.237500,0.500000,196714.047173,636,926.398264,23238,20654,0.888803,0,1.580983,51,1758128.349201
MODERATE,"KRP",20308217,162.318750,1.000000,32294257.036826,73,1679.724971,25971,24433,0.940780,0,3.914126,49,4023428.349201
MODERATE,"CCS",20308217,170.637500,1.000000,20013908.143878,86,1484.206855,27302,19834,0.726467,0,2.697436,56,3391628.349201
MODERATE,"CARS",20308217,151.425000,0.000000,0.000000,171,3.504141,24228,18110,0.747482,1744,1.464204,139,1360328.349201
MODERATE,"UBR-CA no migration",20308217,147.356250,0.000000,0.000000,253,92.503130,23577,4287,0.181830,0,1.270151,133,1360628.349201
MODERATE,"UBR-CA",20308217,151.775000,0.000000,0.000000,4,0.024900,24284,4000,0.164718,799,1.248543,142,1360328.349201
MODERATE,"HEFT",20316136,141.062500,0.500000,202656.630973,765,796.246423,22570,19692,0.872486,0,1.246102,52,1442270.112804
MODERATE,"KRP",20316136,157.200000,1.000000,29439006.600289,61,1641.422776,25152,23650,0.940283,0,3.083584,50,3699170.112804
MODERATE,"CCS",20316136,165.525000,1.000000,18244687.991549,83,1455.738783,26484,19385,0.731951,0,2.193795,57,3148370.112804
MODERATE,"CARS",20316136,146.475000,0.000000,0.000000,158,3.048009,23436,17338,0.739802,1731,1.534211,141,1252670.112804
MODERATE,"UBR-CA no migration",20316136,140.575000,0.000000,0.000000,249,91.933952,22492,4050,0.180064,0,1.342572,137,1252670.112804
MODERATE,"UBR-CA",20316136,146.931250,0.000000,0.000000,2,0.023717,23509,3942,0.167680,822,1.180645,141,1252970.112804
MODERATE,"HEFT",20324055,146.406250,0.500000,211822.383688,664,766.762897,23425,20199,0.862284,0,1.130671,54,1473538.385066
MODERATE,"KRP",20324055,162.531250,1.000000,32889850.709133,68,1692.219722,26005,24437,0.939704,0,3.194903,52,3999238.385066
MODERATE,"CCS",20324055,168.887500,1.000000,19637775.849743,83,1477.739369,27022,19664,0.727703,0,2.774742,59,3302038.385066
MODERATE,"CARS",20324055,150.800000,0.000000,0.000000,181,3.430346,24128,17962,0.744446,1873,1.678021,150,1306738.385066
MODERATE,"UBR-CA no migration",20324055,146.931250,0.000000,0.000000,251,94.245826,23509,4199,0.178612,0,1.646972,146,1307338.385066
MODERATE,"UBR-CA",20324055,152.068750,0.000000,0.000000,0,0.000000,24331,3961,0.162796,856,1.684054,147,1306738.385066
MODERATE,"HEFT",20331974,146.443750,0.833333,720394.239950,408,943.028154,23431,20741,0.885195,0,1.470640,54,1766194.870937
MODERATE,"KRP",20331974,160.525000,1.000000,30526988.457687,69,1659.496006,25684,24174,0.941209,0,3.022817,52,3897094.870937
MODERATE,"CCS",20331974,166.543750,1.000000,18902616.656965,79,1472.946841,26647,19610,0.735918,0,2.321531,60,3245794.870937
MODERATE,"CARS",20331974,146.762500,0.000000,0.000000,173,3.472566,23482,17593,0.749212,1747,1.169328,137,1317994.870937
MODERATE,"UBR-CA no migration",20331974,144.512500,0.000000,0.000000,250,93.756547,23122,4105,0.177537,0,1.357776,132,1317394.870937
MODERATE,"UBR-CA",20331974,149.056250,0.000000,0.000000,1,0.006086,23849,3929,0.164745,815,1.597743,138,1316794.870937
MODERATE,"HEFT",20339893,146.087500,1.000000,1580115.890473,341,1055.780522,23374,21305,0.911483,0,1.788134,55,1765064.114896
MODERATE,"KRP",20339893,160.906250,1.000000,32424406.595027,69,1710.238708,25745,24447,0.949582,0,3.191486,52,3886964.114896
MODERATE,"CCS",20339893,170.368750,1.000000,20105999.278521,94,1507.187932,27259,20069,0.736234,0,3.045183,60,3234164.114896
MODERATE,"CARS",20339893,149.293750,0.000000,0.000000,167,2.969039,23887,17907,0.749655,1818,1.487175,147,1209164.114896
MODERATE,"UBR-CA no migration",20339893,143.662500,0.000000,0.000000,239,87.973913,22986,4188,0.182198,0,1.492618,140,1207364.114896
MODERATE,"UBR-CA",20339893,149.912500,0.000000,0.000000,3,0.030440,23986,3980,0.165930,776,1.358840,149,1207364.114896
MODERATE,"HEFT",20347812,141.575000,0.500000,216969.278572,764,833.315195,22652,19971,0.881644,0,1.185480,52,1473501.513095
MODERATE,"KRP",20347812,158.400000,1.000000,30216641.509952,77,1642.428088,25344,23851,0.941091,0,3.351606,50,3741201.513095
MODERATE,"CCS",20347812,165.518750,1.000000,18669618.616260,99,1451.527247,26483,19446,0.734282,0,2.506399,57,3132501.513095
MODERATE,"CARS",20347812,146.993750,0.000000,0.000000,191,3.557656,23519,17570,0.747056,1876,1.560555,147,1254201.513095
MODERATE,"UBR-CA no migration",20347812,144.487500,0.000000,0.000000,251,89.910197,23118,4134,0.178822,0,1.303046,140,1253901.513095
MODERATE,"UBR-CA",20347812,149.631250,0.000000,0.000000,1,0.001507,23941,3909,0.163276,803,1.250533,148,1253901.513095
MODERATE,"HEFT",20355731,147.231250,0.500000,247336.758496,739,870.701393,23557,20599,0.874432,0,1.529729,52,1538458.119824
MODERATE,"KRP",20355731,166.043750,1.000000,33978321.273293,65,1711.214544,26567,24827,0.934505,0,3.242687,49,4095358.119824
MODERATE,"CCS",20355731,173.531250,1.000000,20687561.016272,78,1493.277684,27765,20023,0.721160,0,2.730094,58,3402958.119824
MODERATE,"CARS",20355731,151.700000,0.000000,0.000000,167,2.928608,24272,18030,0.742831,1682,1.309911,136,1330858.119824
MODERATE,"UBR-CA no migration",20355731,147.637500,0.000000,0.000000,217,85.760980,23622,4179,0.176911,0,1.579383,134,1330258.119824
MODERATE,"UBR-CA",20355731,152.662500,0.000000,0.000000,1,0.003435,24426,4026,0.164824,814,1.242412,139,1330258.119824
MODERATE,"HEFT",20363650,143.043750,0.500000,235502.066530,728,816.197252,22887,20098,0.878140,0,1.233760,51,1513009.623310
MODERATE,"KRP",20363650,158.400000,1.000000,30164748.995192,82,1663.684902,25344,24056,0.949179,0,3.495795,49,3848209.623310
MODERATE,"CCS",20363650,166.256250,1.000000,18987263.278046,95,1484.905893,26601,19622,0.737641,0,2.382598,56,3289309.623310
MODERATE,"CARS",20363650,148.750000,0.000000,0.000000,174,3.543034,23800,17844,0.749748,1836,1.579832,142,1307809.623310
MODERATE,"UBR-CA no migration",20363650,144.706250,0.000000,0.000000,233,82.320583,23153,4114,0.177688,0,1.709360,139,1307809.623310
MODERATE,"UBR-CA",20363650,149.793750,0.000000,0.000000,1,0.032097,23967,3962,0.165311,760,1.304443,145,1307809.623310
MODERATE,"HEFT",20371569,147.987500,0.500000,189982.940307,862,823.227511,23678,20670,0.872962,0,1.505227,54,1411046.476495
MODERATE,"KRP",20371569,164.081250,1.000000,35509911.763769,70,1737.512664,26253,24837,0.946063,0,3.631710,53,4062446.476495
MODERATE,"CCS",20371569,175.162500,1.000000,21400191.341287,85,1508.426101,28026,20169,0.719653,0,3.284160,60,3307046.476495
MODERATE,"CARS",20371569,149.950000,0.000000,0.000000,164,3.229844,23992,18019,0.751042,1727,1.229665,138,1210346.476495
MODERATE,"UBR-CA no migration",20371569,147.050000,0.000000,0.000000,246,88.319451,23528,4194,0.178256,0,1.257308,132,1210346.476495
MODERATE,"UBR-CA",20371569,153.193750,0.000000,0.000000,3,0.057966,24511,4027,0.164294,773,1.519695,140,1210046.476495
MODERATE,"HEFT",20379488,147.575000,0.500000,208518.430029,694,877.584648,23612,20767,0.879510,0,1.050559,51,1539782.043709
MODERATE,"KRP",20379488,164.937500,1.000000,34511810.010733,69,1741.013692,26390,24901,0.943577,0,3.054576,49,4043882.043709
MODERATE,"CCS",20379488,175.368750,1.000000,20595067.103758,85,1516.590030,28059,20257,0.721943,0,2.392555,56,3319982.043709
MODERATE,"CARS",20379488,153.956250,0.000000,0.000000,166,3.032087,24633,18312,0.743393,1713,1.483577,144,1265282.043709
MODERATE,"UBR-CA no migration",20379488,148.693750,0.000000,0.000000,242,88.889049,23791,4170,0.175276,0,1.282989,136,1265282.043709
MODERATE,"UBR-CA",20379488,154.425000,0.000000,0.000000,1,0.008511,24708,4044,0.163672,757,1.241376,146,1264982.043709
MODERATE,"HEFT",20387407,146.637500,0.966667,1615884.491455,363,1015.982515,23462,21159,0.901841,0,1.545518,53,1845564.204825
MODERATE,"KRP",20387407,162.550000,1.000000,33589765.473594,61,1681.121359,26008,24380,0.937404,0,2.603881,51,4039764.204825
MODERATE,"CCS",20387407,170.818750,1.000000,20480957.729121,80,1469.585135,27331,19597,0.717025,0,2.831486,57,3387564.204825
MODERATE,"CARS",20387407,146.475000,0.000000,0.000000,165,3.004992,23436,17598,0.750896,1871,1.391703,134,1295364.204825
MODERATE,"UBR-CA no migration",20387407,146.706250,0.000000,0.000000,243,90.694394,23473,4153,0.176927,0,1.386673,133,1294764.204825
MODERATE,"UBR-CA",20387407,151.818750,0.000000,0.000000,0,0.000000,24291,4001,0.164711,737,0.933654,138,1294764.204825
MODERATE,"HEFT",20395326,150.256250,1.000000,3743792.842577,215,1147.414880,24041,22022,0.916018,0,1.928972,53,2013771.253632
MODERATE,"KRP",20395326,162.268750,1.000000,32509798.109179,69,1706.592185,25963,24549,0.945538,0,3.712479,52,4013271.253632
MODERATE,"CCS",20395326,172.231250,1.000000,20192298.548596,81,1501.788030,27557,20098,0.729325,0,3.020921,57,3358071.253632
MODERATE,"CARS",20395326,152.231250,0.000000,0.000000,172,3.339189,24357,18091,0.742743,1795,1.549549,146,1332771.253632
MODERATE,"UBR-CA no migration",20395326,148.068750,0.000000,0.000000,245,92.449602,23691,4240,0.178971,0,1.432805,143,1332171.253632
MODERATE,"UBR-CA",20395326,154.362500,0.000000,0.000000,1,0.004984,24698,4144,0.167787,804,1.249090,151,1332771.253632
MODERATE,"HEFT",20403245,142.893750,0.500000,197667.703455,693,765.283423,22863,19915,0.871058,0,1.330234,52,1401313.517478
MODERATE,"KRP",20403245,160.475000,1.000000,32208034.861553,70,1684.446878,25676,24259,0.944812,0,3.595361,51,3918613.517478
MODERATE,"CCS",20403245,168.943750,1.000000,19340317.117842,84,1474.376760,27031,19693,0.728534,0,2.290754,56,3240913.517478
MODERATE,"CARS",20403245,149.093750,0.000000,0.000000,158,2.774888,23855,17845,0.748061,1682,1.711340,134,1246813.517478
MODERATE,"UBR-CA no migration",20403245,145.218750,0.000000,0.000000,236,82.914660,23235,4123,0.177448,0,1.461864,135,1246813.517478
MODERATE,"UBR-CA",20403245,148.781250,0.000000,0.000000,0,0.000000,23805,3886,0.163243,747,1.514584,133,1246513.517478
MODERATE,"HEFT",20411164,149.587500,0.866667,838935.118782,299,1003.876833,23934,21450,0.896215,0,1.847668,54,1809301.036639
MODERATE,"KRP",20411164,163.781250,1.000000,33381001.714872,68,1701.090560,26205,24637,0.940164,0,3.756370,54,4065901.036639
MODERATE,"CCS",20411164,172.362500,1.000000,21016811.898258,93,1506.318802,27578,20170,0.731380,0,2.628661,59,3421801.036639
MODERATE,"CARS",20411164,149.475000,0.000000,0.000000,173,3.280026,23916,17956,0.750794,1807,1.541165,147,1323901.036639
MODERATE,"UBR-CA no migration",20411164,146.937500,0.000000,0.000000,254,93.460097,23510,4277,0.181923,0,1.364990,140,1323301.036639
MODERATE,"UBR-CA",20411164,151.893750,0.000000,0.000000,1,0.015925,24303,4025,0.165617,802,1.558297,147,1323301.036639
HEAVY,"HEFT",20260703,169.275000,0.766667,275291.284264,245,1215.721094,27084,23315,0.860840,0,1.269998,64,1690309.770501
HEAVY,"KRP",20260703,186.937500,1.000000,20500497.039501,92,1696.395914,29910,27107,0.906286,0,3.024730,61,3458509.770501
HEAVY,"CCS",20260703,180.443750,1.000000,14717532.027908,247,1695.051252,28871,18716,0.648263,0,2.285033,70,3100309.770501
HEAVY,"CARS",20260703,171.425000,0.000000,0.000000,156,3.230048,27428,19026,0.693671,1702,1.388491,173,1253809.770501
HEAVY,"UBR-CA no migration",20260703,164.325000,0.000000,0.000000,331,101.602813,26292,3787,0.144036,0,1.289523,157,1254709.770501
HEAVY,"UBR-CA",20260703,172.568750,0.000000,0.000000,0,0.000000,27611,3796,0.137481,955,1.377397,174,1253809.770501
HEAVY,"HEFT",20268622,170.806250,0.566667,190018.100690,239,1194.090885,27329,23349,0.854367,0,1.877949,66,1749985.382602
HEAVY,"KRP",20268622,185.906250,1.000000,19644366.893019,123,1671.881962,29745,26921,0.905060,0,2.671183,65,3447985.382602
HEAVY,"CCS",20268622,179.481250,1.000000,14272848.722277,245,1697.817082,28717,18433,0.641885,0,2.160224,71,3116185.382602
HEAVY,"CARS",20268622,170.743750,0.000000,0.000000,174,4.139497,27319,19003,0.695596,1787,1.457642,159,1325185.382602
HEAVY,"UBR-CA no migration",20268622,164.450000,0.000000,0.000000,361,107.232111,26312,3770,0.143281,0,1.315559,148,1325185.382602
HEAVY,"UBR-CA",20268622,171.706250,0.000000,0.000000,3,0.033407,27473,3634,0.132275,951,1.110362,162,1324285.382602
HEAVY,"HEFT",20276541,172.718750,0.566667,158350.217930,422,1175.409950,27635,23559,0.852506,0,1.533292,70,1788288.901899
HEAVY,"KRP",20276541,189.293750,1.000000,21230773.031651,138,1762.440871,30287,27739,0.915871,0,3.178284,67,3713388.901899
HEAVY,"CCS",20276541,183.968750,1.000000,15148005.635538,246,1753.167359,29435,19295,0.655512,0,2.378259,76,3314088.901899
HEAVY,"CARS",20276541,175.256250,0.000000,0.000000,140,3.337791,28041,19522,0.696195,1700,1.248839,168,1354788.901899
HEAVY,"UBR-CA no migration",20276541,169.137500,0.000000,0.000000,367,103.791709,27062,3785,0.139864,0,1.572459,162,1357188.901899
HEAVY,"UBR-CA",20276541,175.506250,0.000000,0.000000,0,0.000000,28081,3690,0.131406,948,1.588462,171,1355388.901899
HEAVY,"HEFT",20284460,170.468750,0.500000,135926.865751,323,1094.886030,27275,22891,0.839267,0,1.630598,69,1726872.916403
HEAVY,"KRP",20284460,187.131250,1.000000,20293597.321820,89,1669.704708,29941,27004,0.901907,0,2.948735,67,3559272.916403
HEAVY,"CCS",20284460,181.575000,1.000000,14386578.238149,239,1660.091544,29052,18178,0.625706,0,2.270483,74,3178872.916403
HEAVY,"CARS",20284460,169.537500,0.000000,0.000000,138,3.263194,27126,18868,0.695569,1737,1.259086,158,1363572.916403
HEAVY,"UBR-CA no migration",20284460,164.556250,0.000000,0.000000,387,109.810902,26329,3698,0.140453,0,1.298157,153,1365072.916403
HEAVY,"UBR-CA",20284460,171.375000,0.000000,0.000000,0,0.000000,27420,3677,0.134099,994,1.590562,161,1364172.916403
HEAVY,"HEFT",20292379,167.493750,0.866667,596832.554253,193,1267.559314,26799,23377,0.872309,0,1.721395,62,1718741.175380
HEAVY,"KRP",20292379,183.837500,1.000000,20709359.801121,95,1649.676844,29414,26713,0.908173,0,2.469803,60,3469841.175380
HEAVY,"CCS",20292379,177.681250,1.000000,15170793.795833,234,1690.012364,28429,18328,0.644694,0,2.918889,65,3045641.175380
HEAVY,"CARS",20292379,168.212500,0.000000,0.000000,132,3.085554,26914,18723,0.695660,1600,1.356467,144,1228241.175380
HEAVY,"UBR-CA no migration",20292379,162.831250,0.000000,0.000000,325,95.161152,26053,3733,0.143285,0,1.405771,135,1228541.175380
HEAVY,"UBR-CA",20292379,168.243750,0.000000,0.000000,0,0.000000,26919,3566,0.132471,873,2.011961,145,1227041.175380
HEAVY,"HEFT",20300298,165.275000,1.000000,1124852.397100,220,1231.841847,26444,22923,0.866851,0,2.245815,67,1834534.069832
HEAVY,"KRP",20300298,181.943750,1.000000,19959860.086566,89,1671.616580,29111,26575,0.912885,0,3.357076,63,3435934.069832
HEAVY,"CCS",20300298,174.600000,1.000000,14517667.896424,267,1687.279412,27936,18158,0.649986,0,2.360866,70,3088234.069832
HEAVY,"CARS",20300298,166.062500,0.000000,0.000000,162,3.748885,26570,18538,0.697704,1725,1.490950,155,1242934.069832
HEAVY,"UBR-CA no migration",20300298,161.756250,0.000000,0.000000,329,90.129307,25881,3724,0.143889,0,1.277829,146,1242934.069832
HEAVY,"UBR-CA",20300298,168.656250,0.000000,0.000000,0,0.000000,26985,3528,0.130739,901,0.906853,161,1242934.069832
HEAVY,"HEFT",20308217,169.156250,0.766667,328001.755687,355,1184.399994,27065,23146,0.855200,0,1.238799,65,1872728.349201
HEAVY,"KRP",20308217,186.137500,1.000000,19986974.168895,105,1683.227477,29782,26973,0.905681,0,2.810497,62,3543428.349201
HEAVY,"CCS",20308217,178.318750,1.000000,14264958.134944,248,1694.719574,28531,18313,0.641863,0,2.904704,69,3165428.349201
HEAVY,"CARS",20308217,171.956250,0.000000,0.000000,152,3.711251,27513,19046,0.692255,1677,2.020839,166,1361228.349201
HEAVY,"UBR-CA no migration",20308217,164.900000,0.000000,0.000000,359,99.439893,26384,3833,0.145277,0,1.614149,152,1362128.349201
HEAVY,"UBR-CA",20308217,170.643750,0.000000,0.000000,1,0.003183,27303,3652,0.133758,974,1.443353,166,1360328.349201
HEAVY,"HEFT",20316136,165.018750,1.000000,3756398.125026,317,1271.771955,26403,23203,0.878802,0,1.718743,65,1948070.112804
HEAVY,"KRP",20316136,179.443750,1.000000,19000813.110330,79,1666.620590,28711,26238,0.913866,0,2.695795,63,3325370.112804
HEAVY,"CCS",20316136,173.587500,1.000000,14132668.956107,222,1667.551050,27774,18272,0.657881,0,2.751233,68,3004670.112804
HEAVY,"CARS",20316136,163.493750,0.000000,0.000000,163,3.763687,26159,18257,0.697924,1802,1.833692,160,1253570.112804
HEAVY,"UBR-CA no migration",20316136,158.893750,0.000000,0.000000,345,105.181348,25423,3684,0.144908,0,1.591764,151,1256270.112804
HEAVY,"UBR-CA",20316136,166.918750,0.000000,0.000000,0,0.000000,26707,3591,0.134459,982,1.353909,166,1252970.112804
HEAVY,"HEFT",20324055,169.650000,0.566667,182523.139678,281,1173.602193,27144,23048,0.849101,0,1.748640,66,1725238.385066
HEAVY,"KRP",20324055,186.493750,1.000000,19940789.013118,98,1668.214716,29839,26907,0.901739,0,2.263904,64,3468838.385066
HEAVY,"CCS",20324055,178.231250,1.000000,14788850.618218,215,1712.082577,28517,18357,0.643721,0,2.247415,73,3122038.385066
HEAVY,"CARS",20324055,169.262500,0.000000,0.000000,169,3.372014,27082,18742,0.692046,1952,0.981476,174,1307638.385066
HEAVY,"UBR-CA no migration",20324055,163.268750,0.000000,0.000000,357,105.346747,26123,3723,0.142518,0,0.954020,164,1309438.385066
HEAVY,"UBR-CA",20324055,171.100000,0.000000,0.000000,1,0.022094,27376,3702,0.135228,1034,1.530533,175,1306738.385066
HEAVY,"HEFT",20331974,169.212500,1.000000,7079216.799775,238,1352.520234,27074,24343,0.899128,0,2.460610,68,2253394.870937
HEAVY,"KRP",20331974,182.325000,1.000000,20542053.313001,105,1697.806524,29172,26754,0.917112,0,2.864370,65,3555994.870937
HEAVY,"CCS",20331974,177.593750,1.000000,14507171.162577,260,1699.310379,28415,18378,0.646771,0,2.475482,72,3137194.870937
HEAVY,"CARS",20331974,167.562500,0.000000,0.000000,145,3.667165,26810,18658,0.695934,1688,1.427739,158,1317094.870937
HEAVY,"UBR-CA no migration",20331974,163.450000,0.000000,0.000000,330,95.416744,26152,3727,0.142513,0,1.019080,153,1318294.870937
HEAVY,"UBR-CA",20331974,167.706250,0.000000,0.000000,0,0.000000,26833,3575,0.133231,969,1.156934,164,1317394.870937
HEAVY,"HEFT",20339893,167.981250,1.000000,973965.972159,284,1257.714016,26877,23448,0.872419,0,1.320845,68,1763264.114896
HEAVY,"KRP",20339893,185.725000,1.000000,20613819.014462,104,1718.682911,29716,27111,0.912337,0,2.155856,66,3449264.114896
HEAVY,"CCS",20339893,179.268750,1.000000,13959878.466389,243,1689.344595,28683,18557,0.646969,0,2.588377,74,2963264.114896
HEAVY,"CARS",20339893,169.712500,0.000000,0.000000,170,4.137217,27154,18897,0.695920,1809,0.968077,172,1208864.114896
HEAVY,"UBR-CA no migration",20339893,161.387500,0.000000,0.000000,347,100.437687,25822,3742,0.144915,0,1.249566,157,1207964.114896
HEAVY,"UBR-CA",20339893,169.725000,0.000000,0.000000,0,0.000000,27156,3671,0.135182,985,1.295262,178,1207964.114896
HEAVY,"HEFT",20347812,165.012500,0.500000,161220.173455,387,1106.430291,26402,22433,0.849670,0,1.635278,65,1624401.513095
HEAVY,"KRP",20347812,178.743750,1.000000,18692178.382706,99,1656.307131,28599,26266,0.918424,0,2.554051,64,3300501.513095
HEAVY,"CCS",20347812,174.312500,1.000000,13809946.358087,229,1678.415879,27890,18322,0.656938,0,2.145255,71,2942134.703511
HEAVY,"CARS",20347812,167.162500,0.000000,0.000000,155,3.519808,26746,18631,0.696590,1759,1.762773,167,1254501.513095
HEAVY,"UBR-CA no migration",20347812,159.562500,0.000000,0.000000,328,96.613507,25530,3600,0.141011,0,1.394840,153,1253901.513095
HEAVY,"UBR-CA",20347812,168.381250,0.000000,0.000000,1,0.000418,26941,3562,0.132215,916,1.047268,171,1254201.513095
HEAVY,"HEFT",20355731,170.912500,0.600000,191609.580905,262,1229.091024,27346,23528,0.860382,0,1.471576,66,1777258.119824
HEAVY,"KRP",20355731,187.087500,1.000000,19964687.724760,84,1672.399175,29934,27054,0.903788,0,3.255673,63,3496858.119824
HEAVY,"CCS",20355731,179.725000,1.000000,14390294.301691,265,1710.313840,28756,18280,0.635693,0,2.581341,72,3140158.119824
HEAVY,"CARS",20355731,174.050000,0.000000,0.000000,141,3.486644,27848,19130,0.686943,1703,1.068316,163,1330858.119824
HEAVY,"UBR-CA no migration",20355731,166.500000,0.000000,0.000000,340,99.988923,26640,3807,0.142905,0,1.493237,147,1332958.119824
HEAVY,"UBR-CA",20355731,174.031250,0.000000,0.000000,0,0.000000,27845,3621,0.130041,924,1.504535,162,1330558.119824
HEAVY,"HEFT",20363650,165.956250,0.500000,182061.010167,398,1143.496360,26553,22664,0.853538,0,1.671183,64,1734109.623310
HEAVY,"KRP",20363650,181.437500,1.000000,19502707.873572,95,1691.601862,29030,26612,0.916707,0,3.559251,62,3492793.563635
HEAVY,"CCS",20363650,176.556250,1.000000,13935716.468443,253,1689.989142,28249,18436,0.652625,0,2.344509,68,3107809.623310
HEAVY,"CARS",20363650,167.425000,0.000000,0.000000,154,3.448803,26788,18695,0.697887,1755,1.629428,168,1309009.623310
HEAVY,"UBR-CA no migration",20363650,161.631250,0.000000,0.000000,342,92.621489,25861,3693,0.142802,0,1.566872,155,1308409.623310
HEAVY,"UBR-CA",20363650,169.325000,0.000000,0.000000,1,0.000056,27092,3679,0.135797,953,1.389850,171,1308709.623310
HEAVY,"HEFT",20371569,170.668750,0.566667,161300.742287,228,1179.068078,27307,23331,0.854396,0,1.242158,68,1611146.476495
HEAVY,"KRP",20371569,192.487500,1.000000,21057106.483030,110,1690.596720,30798,27594,0.895967,0,3.157673,68,3423446.476495
HEAVY,"CCS",20371569,180.100000,1.000000,15241241.131012,251,1724.867893,28816,18813,0.652866,0,2.351785,74,3070424.275881
HEAVY,"CARS",20371569,170.875000,0.000000,0.000000,152,3.349387,27340,19183,0.701646,1705,1.338341,160,1210346.476495
HEAVY,"UBR-CA no migration",20371569,166.468750,0.000000,0.000000,320,93.121085,26635,3821,0.143458,0,1.327284,151,1211846.476495
HEAVY,"UBR-CA",20371569,172.012500,0.000000,0.000000,0,0.000000,27522,3715,0.134983,919,1.279050,166,1210046.476495
HEAVY,"HEFT",20379488,171.718750,0.633333,222469.549022,357,1206.507245,27475,23527,0.856306,0,1.537279,63,1683182.043709
HEAVY,"KRP",20379488,191.143750,1.000000,21282923.866918,88,1734.347961,30583,27649,0.904064,0,3.373164,61,3568382.043709
HEAVY,"CCS",20379488,181.537500,1.000000,14432426.133416,289,1717.964265,29046,18731,0.644874,0,2.809611,69,3053282.043709
HEAVY,"CARS",20379488,174.037500,0.000000,0.000000,143,3.044817,27846,19302,0.693170,1679,1.611141,166,1264682.043709
HEAVY,"UBR-CA no migration",20379488,166.987500,0.000000,0.000000,331,91.786347,26718,3835,0.143536,0,1.154536,156,1267682.043709
HEAVY,"UBR-CA",20379488,176.831250,0.000000,0.000000,0,0.000000,28293,3680,0.130068,855,1.843051,171,1264682.043709
HEAVY,"HEFT",20387407,168.662500,0.900000,788225.847923,199,1238.454310,26986,23394,0.866894,0,1.679160,66,1812864.204825
HEAVY,"KRP",20387407,187.206250,1.000000,20184637.006195,111,1661.455109,29953,26961,0.900110,0,7.692060,65,3533664.204825
HEAVY,"CCS",20387407,179.081250,1.000000,14516789.692079,287,1675.877711,28653,18175,0.634314,0,5.764219,71,3115764.204825
HEAVY,"CARS",20387407,169.975000,0.000000,0.000000,147,3.305577,27196,18817,0.691903,1612,2.676333,162,1295664.204825
HEAVY,"UBR-CA no migration",20387407,163.712500,0.000000,0.000000,333,99.871964,26194,3668,0.140032,0,2.211740,149,1295664.204825
HEAVY,"UBR-CA",20387407,169.100000,0.000000,0.000000,2,0.023896,27056,3653,0.135016,901,1.969762,164,1294164.204825
HEAVY,"HEFT",20395326,170.287500,0.633333,220962.939240,276,1200.430188,27246,23455,0.860860,0,1.864974,67,1751271.253632
HEAVY,"KRP",20395326,185.543750,1.000000,20229015.029320,85,1708.648442,29687,27143,0.914306,0,3.372559,65,3551571.253632
HEAVY,"CCS",20395326,179.956250,1.000000,14312490.518247,211,1703.332684,28793,18597,0.645886,0,3.199709,71,3082071.253632
HEAVY,"CARS",20395326,172.462500,0.000000,0.000000,150,3.958172,27594,19173,0.694825,1728,1.589008,175,1334571.253632
HEAVY,"UBR-CA no migration",20395326,164.206250,0.000000,0.000000,361,107.786340,26273,3802,0.144711,0,1.588661,161,1335471.253632
HEAVY,"UBR-CA",20395326,172.825000,0.000000,0.000000,1,0.001573,27652,3734,0.135035,941,1.395300,181,1332771.253632
HEAVY,"HEFT",20403245,168.493750,0.500000,151941.920169,327,1095.961717,26959,22798,0.845655,0,1.868618,64,1613113.517478
HEAVY,"KRP",20403245,185.393750,1.000000,20003802.075994,101,1685.031708,29663,26924,0.907663,0,4.175577,63,3459613.517478
HEAVY,"CCS",20403245,176.200000,1.000000,14830952.237043,235,1714.405824,28192,18453,0.654547,0,5.892181,68,3106813.517478
HEAVY,"CARS",20403245,167.806250,0.000000,0.000000,142,3.331358,26849,18665,0.695184,1673,3.335311,154,1248013.517478
HEAVY,"UBR-CA no migration",20403245,161.500000,0.000000,0.000000,329,94.306538,25840,3603,0.139435,0,1.769458,148,1250713.517478
HEAVY,"UBR-CA",20403245,168.750000,0.000000,0.000000,1,0.006801,27000,3597,0.133222,891,1.921844,159,1247113.517478
HEAVY,"HEFT",20411164,170.437500,0.566667,179349.932849,288,1188.018963,27270,23386,0.857572,0,2.304618,68,1743901.036639
HEAVY,"KRP",20411164,190.212500,1.000000,21669625.635715,103,1705.588825,30434,27399,0.900276,0,3.258630,67,3605101.036639
HEAVY,"CCS",20411164,180.337500,1.000000,14375933.925132,225,1687.448595,28854,18324,0.635059,0,3.403392,74,3136201.036639
HEAVY,"CARS",20411164,171.068750,0.000000,0.000000,166,3.861501,27371,19077,0.696979,1855,2.421475,174,1324801.036639
HEAVY,"UBR-CA no migration",20411164,164.387500,0.000000,0.000000,374,106.446350,26302,3772,0.143411,0,2.060457,153,1325101.036639
HEAVY,"UBR-CA",20411164,172.537500,0.000000,0.000000,0,0.000000,27606,3750,0.135840,1008,2.410624,172,1323601.036639
